MAE,MSE,RMSE,MAPE (%),MSPE (%)
196.37180612524654,46410.33792854387,215.43058726314578,18.187647196775174,4.378340850160033
