MAE,MSE,RMSE,MAPE (%),MSPE (%)
190.82120216023753,46461.216811236605,215.54864140429325,17.44483945162628,4.2585840040152885
