MAE,MSE,RMSE,MAPE (%),MSPE (%)
202.5910075910305,50653.8874317201,225.06418513775154,19.126893863137138,5.020994228195286
