MAE,MSE,RMSE,MAPE (%),MSPE (%)
212.04544067382812,52299.49051793042,228.69081861310133,19.723686479224497,4.926479208587034
