MAE,MSE,RMSE,MAPE (%),MSPE (%)
212.3337756501839,55392.67037286097,235.35647510289783,20.28026980936372,5.877590759011956
