MAE,MSE,RMSE,MAPE (%),MSPE (%)
205.22631225585937,46818.858095166404,216.3766579258641,19.5580703985268,4.876210448416695
