MAE,MSE,RMSE,MAPE (%),MSPE (%)
208.9460205078125,49584.819620531904,222.6764909471404,19.112387717585484,4.479695970092013
