MAE,MSE,RMSE,MAPE (%),MSPE (%)
200.96245727539065,44112.13442331346,210.0288894969296,18.822168584095458,4.306175245573206
