MAE,MSE,RMSE,MAPE (%),MSPE (%)
200.50337524414064,47854.30841765913,218.75627629318234,18.693031422905587,4.594998791386927
