MAE,MSE,RMSE,MAPE (%),MSPE (%)
189.2729187011719,40069.41412126126,200.1734600821529,18.019718290467612,4.073181265012829
