MAE,MSE,RMSE,MAPE (%),MSPE (%)
386.25611328124995,232248.93170025438,481.9221220282945,6.9193628990966705,0.761697079628752
