MAE,MSE,RMSE,MAPE (%),MSPE (%)
406.681552734375,241825.2653616628,491.75732364822267,7.3106546820288125,0.8023334083498753
