MAE,MSE,RMSE,MAPE (%),MSPE (%)
358.05000976562496,207321.95389593212,455.3262060280872,6.333315250510547,0.6673073724162731
