MAE,MSE,RMSE,MAPE (%),MSPE (%)
376.486435546875,212986.2213178739,461.5043025995249,6.647948854368338,0.6783426005805069
