MAE,MSE,RMSE,MAPE (%),MSPE (%)
372.60718749999995,230704.72183502762,480.3173136948403,6.534091976168622,0.73502672702276
