MAE,MSE,RMSE,MAPE (%),MSPE (%)
387.64830078125,254732.8548526344,504.71066449267187,6.9558082454914985,0.8314674237964306
