MAE,MSE,RMSE,MAPE (%),MSPE (%)
347.0280727943779,192086.72488287912,438.27699561222596,6.256593024014316,0.6407242028827693
