MAE,MSE,RMSE,MAPE (%),MSPE (%)
348.45545606000434,185953.3215284088,431.22305310408535,6.255255286055199,0.6105249814412973
