MAE,MSE,RMSE,MAPE (%),MSPE (%)
321.27949457498505,186492.53731197404,431.8478173060205,5.775214747521353,0.6120504667886639
