MAE,MSE,RMSE,MAPE (%),MSPE (%)
324.0096045395947,179410.48378583774,423.5687474139679,5.7644414431821955,0.5821323937241435
